run_id	gate	pos	occupancy	aa_dom	aa_dom_frac	chem_dom	chem_dom_frac	aa_entropy	chem_entropy	aa_info	chem_info
MG_projected_trimmed_n25_core70_chem90	core70_chem90	1	1.0000	K	0.9600	B	1.0000	0.2423	0.0000	4.0796	2.0000
MG_projected_trimmed_n25_core70_chem90	core70_chem90	2	1.0000	I	0.6000	H	0.9600	1.7095	0.2423	2.6124	1.7577
MG_projected_trimmed_n25_core70_chem90	core70_chem90	3	1.0000	V	0.7200	H	0.9600	1.3713	0.2423	2.9506	1.7577
MG_projected_trimmed_n25_core70_chem90	core70_chem90	4	0.8400	Y	0.5238	H	1.0000	0.9984	0.0000	3.3236	2.0000
MG_projected_trimmed_n25_core70_chem90	core70_chem90	5	0.9600	V	0.8750	H	0.9167	0.7417	0.4972	3.5802	1.5028
MG_projected_trimmed_n25_core70_chem90	core70_chem90	6	1.0000	D	1.0000	A	1.0000	0.0000	0.0000	4.3219	2.0000
MG_projected_trimmed_n25_core70_chem90	core70_chem90	7	1.0000	R	1.0000	B	1.0000	0.0000	0.0000	4.3219	2.0000
MG_projected_trimmed_n25_core70_chem90	core70_chem90	8	1.0000	D	0.9600	A	0.9600	0.2423	0.2423	4.0796	1.7577
MG_projected_trimmed_n25_core70_chem90	core70_chem90	9	1.0000	K	0.8800	B	1.0000	0.5294	0.0000	3.7926	2.0000
MG_projected_trimmed_n25_core70_chem90	core70_chem90	10	1.0000	H	0.9600	B	1.0000	0.2423	0.0000	4.0796	2.0000
MG_projected_trimmed_n25_core70_chem90	core70_chem90	11	1.0000	I	0.5200	H	1.0000	0.9988	0.0000	3.3231	2.0000
MG_projected_trimmed_n25_core70_chem90	core70_chem90	12	1.0000	N	0.8800	P	1.0000	0.5294	0.0000	3.7926	2.0000
MG_projected_trimmed_n25_core70_chem90	core70_chem90	13	0.9600	E	1.0000	A	1.0000	0.0000	0.0000	4.3219	2.0000
MG_projected_trimmed_n25_core70_chem90	core70_chem90	14	0.9600	K	1.0000	B	1.0000	0.0000	0.0000	4.3219	2.0000
MG_projected_trimmed_n25_core70_chem90	core70_chem90	15	0.9600	H	0.9167	B	0.9583	0.4972	0.2499	3.8248	1.7501
MG_projected_trimmed_n25_core70_chem90	core70_chem90	16	0.9600	H	0.8750	B	0.9167	0.7417	0.4972	3.5802	1.5028
MG_projected_trimmed_n25_core70_chem90	core70_chem90	17	0.9600	H	0.9583	B	0.9583	0.2499	0.2499	4.0720	1.7501
