aln_col_1based	support_taxa	n_support_taxa	dom_res	dom_res_frac	dom_class	dom_class_frac	chem_gate_pass	supporters	minority_taxa
23	24	24	K	0.958	BASIC	1.000	1	Branchiostoma_floridae,Ciona_intestinalis,Clytia_hemispherica,Eisenia_fetida,Euglena_longa,Euperipatoides_rowelli,Eutreptiella_gymnastica,Hahella_chejuensis,Haliotis_asinina,Henia_illyrica,Lamellibrachia_satsuma,Lampetra_planeri,Lingula_anatina,Lithobius_forficatus,Magallana_angulata,Mus_musculus,Myxine_glutinosa,Naegleria_gruberi,Octopus_vulgaris,Ovis_aries,Phoronis_australis,Saccoglossus_kowalevskii,Salpa_thompsoni,Willaertia_magna	
24	19	19	I	0.579	HYDRO	0.947	1	Ciona_intestinalis,Clytia_hemispherica,Eisenia_fetida,Euglena_longa,Euperipatoides_rowelli,Hahella_chejuensis,Haliotis_asinina,Lamellibrachia_satsuma,Lampetra_planeri,Lingula_anatina,Lithobius_forficatus,Magallana_angulata,Mus_musculus,Myxine_glutinosa,Naegleria_gruberi,Ovis_aries,Saccoglossus_kowalevskii,Salpa_thompsoni,Willaertia_magna	Lamellibrachia_satsuma
26	17	17	C	0.941	SPECIAL	0.941	1	Ciona_intestinalis,Eisenia_fetida,Euglena_longa,Euperipatoides_rowelli,Eutreptiella_gymnastica,Haliotis_asinina,Lampetra_planeri,Lingula_anatina,Lithobius_forficatus,Magallana_angulata,Mus_musculus,Myxine_glutinosa,Naegleria_gruberi,Ovis_aries,Saccoglossus_kowalevskii,Salpa_thompsoni,Willaertia_magna	Euperipatoides_rowelli
32	23	23	V	0.783	HYDRO	0.957	1	Branchiostoma_floridae,Ciona_intestinalis,Clytia_hemispherica,Eisenia_fetida,Euglena_longa,Euperipatoides_rowelli,Eutreptiella_gymnastica,Haliotis_asinina,Henia_illyrica,Lamellibrachia_satsuma,Lampetra_planeri,Lingula_anatina,Lithobius_forficatus,Magallana_angulata,Mus_musculus,Myxine_glutinosa,Octopus_vulgaris,Ovis_aries,Phoronis_australis,Podocoryna_carnea,Saccoglossus_kowalevskii,Salpa_thompsoni,Willaertia_magna	Willaertia_magna
40	15	15	K	1.000	BASIC	1.000	1	Ciona_intestinalis,Clytia_hemispherica,Eisenia_fetida,Euperipatoides_rowelli,Eutreptiella_gymnastica,Haliotis_asinina,Lampetra_planeri,Magallana_angulata,Mus_musculus,Octopus_vulgaris,Ovis_aries,Phoronis_australis,Podocoryna_carnea,Saccoglossus_kowalevskii,Salpa_thompsoni	
41	16	16	R	1.000	BASIC	1.000	1	Ciona_intestinalis,Clytia_hemispherica,Eisenia_fetida,Euperipatoides_rowelli,Eutreptiella_gymnastica,Haliotis_asinina,Lampetra_planeri,Lithobius_forficatus,Magallana_angulata,Mus_musculus,Octopus_vulgaris,Ovis_aries,Phoronis_australis,Podocoryna_carnea,Saccoglossus_kowalevskii,Salpa_thompsoni	
44	16	16	Q	1.000	POLAR	1.000	1	Ciona_intestinalis,Clytia_hemispherica,Eisenia_fetida,Euperipatoides_rowelli,Eutreptiella_gymnastica,Haliotis_asinina,Lampetra_planeri,Lithobius_forficatus,Magallana_angulata,Mus_musculus,Octopus_vulgaris,Ovis_aries,Phoronis_australis,Podocoryna_carnea,Saccoglossus_kowalevskii,Salpa_thompsoni	
47	18	18	Y	0.500	AROM	1.000	1	Ciona_intestinalis,Clytia_hemispherica,Eisenia_fetida,Euglena_longa,Euperipatoides_rowelli,Haliotis_asinina,Henia_illyrica,Lampetra_planeri,Lingula_anatina,Lithobius_forficatus,Magallana_angulata,Mus_musculus,Octopus_vulgaris,Ovis_aries,Phoronis_australis,Podocoryna_carnea,Saccoglossus_kowalevskii,Salpa_thompsoni	
49	23	23	V	0.913	HYDRO	0.957	1	Branchiostoma_floridae,Ciona_intestinalis,Clytia_hemispherica,Eisenia_fetida,Euglena_longa,Euperipatoides_rowelli,Eutreptiella_gymnastica,Haliotis_asinina,Henia_illyrica,Lamellibrachia_satsuma,Lampetra_planeri,Lingula_anatina,Lithobius_forficatus,Magallana_angulata,Mus_musculus,Naegleria_gruberi,Octopus_vulgaris,Ovis_aries,Phoronis_australis,Podocoryna_carnea,Saccoglossus_kowalevskii,Salpa_thompsoni,Willaertia_magna	Eutreptiella_gymnastica
76	17	17	K	1.000	BASIC	1.000	1	Ciona_intestinalis,Clytia_hemispherica,Euglena_longa,Euperipatoides_rowelli,Eutreptiella_gymnastica,Hahella_chejuensis,Haliotis_asinina,Lamellibrachia_satsuma,Lingula_anatina,Lithobius_forficatus,Mus_musculus,Myxine_glutinosa,Ovis_aries,Podocoryna_carnea,Saccoglossus_kowalevskii,Salpa_thompsoni,Willaertia_magna	
78	21	21	D	1.000	ACIDIC	1.000	1	Branchiostoma_floridae,Ciona_intestinalis,Eisenia_fetida,Euglena_longa,Euperipatoides_rowelli,Eutreptiella_gymnastica,Hahella_chejuensis,Haliotis_asinina,Henia_illyrica,Lamellibrachia_satsuma,Lampetra_planeri,Lingula_anatina,Lithobius_forficatus,Magallana_angulata,Mus_musculus,Myxine_glutinosa,Ovis_aries,Phoronis_australis,Podocoryna_carnea,Saccoglossus_kowalevskii,Salpa_thompsoni	
79	16	16	G	1.000	SPECIAL	1.000	1	Branchiostoma_floridae,Eisenia_fetida,Euglena_longa,Euperipatoides_rowelli,Eutreptiella_gymnastica,Hahella_chejuensis,Haliotis_asinina,Lamellibrachia_satsuma,Lingula_anatina,Lithobius_forficatus,Magallana_angulata,Myxine_glutinosa,Phoronis_australis,Podocoryna_carnea,Saccoglossus_kowalevskii,Salpa_thompsoni	
80	15	15	T	1.000	POLAR	1.000	1	Branchiostoma_floridae,Ciona_intestinalis,Clytia_hemispherica,Eisenia_fetida,Euglena_longa,Euperipatoides_rowelli,Eutreptiella_gymnastica,Henia_illyrica,Lamellibrachia_satsuma,Lampetra_planeri,Lithobius_forficatus,Magallana_angulata,Phoronis_australis,Podocoryna_carnea,Salpa_thompsoni	
96	21	21	R	1.000	BASIC	1.000	1	Ciona_intestinalis,Clytia_hemispherica,Eisenia_fetida,Euglena_longa,Euperipatoides_rowelli,Eutreptiella_gymnastica,Hahella_chejuensis,Haliotis_asinina,Henia_illyrica,Lamellibrachia_satsuma,Lampetra_planeri,Lingula_anatina,Lithobius_forficatus,Magallana_angulata,Mus_musculus,Myxine_glutinosa,Naegleria_gruberi,Octopus_vulgaris,Ovis_aries,Podocoryna_carnea,Saccoglossus_kowalevskii	
98	20	20	D	0.950	ACIDIC	0.950	1	Branchiostoma_floridae,Ciona_intestinalis,Clytia_hemispherica,Eisenia_fetida,Euglena_longa,Eutreptiella_gymnastica,Hahella_chejuensis,Haliotis_asinina,Henia_illyrica,Lamellibrachia_satsuma,Lampetra_planeri,Lingula_anatina,Lithobius_forficatus,Magallana_angulata,Myxine_glutinosa,Naegleria_gruberi,Ovis_aries,Phoronis_australis,Podocoryna_carnea,Willaertia_magna	Lamellibrachia_satsuma
100	20	20	K	0.850	BASIC	1.000	1	Clytia_hemispherica,Eisenia_fetida,Euglena_longa,Eutreptiella_gymnastica,Hahella_chejuensis,Haliotis_asinina,Henia_illyrica,Lamellibrachia_satsuma,Lampetra_planeri,Lithobius_forficatus,Magallana_angulata,Mus_musculus,Naegleria_gruberi,Octopus_vulgaris,Ovis_aries,Phoronis_australis,Podocoryna_carnea,Saccoglossus_kowalevskii,Salpa_thompsoni,Willaertia_magna	
177	23	23	H	0.957	BASIC	1.000	1	Ciona_intestinalis,Clytia_hemispherica,Eisenia_fetida,Euglena_longa,Euperipatoides_rowelli,Eutreptiella_gymnastica,Hahella_chejuensis,Haliotis_asinina,Henia_illyrica,Lamellibrachia_satsuma,Lampetra_planeri,Lithobius_forficatus,Magallana_angulata,Mus_musculus,Myxine_glutinosa,Naegleria_gruberi,Octopus_vulgaris,Ovis_aries,Phoronis_australis,Podocoryna_carnea,Saccoglossus_kowalevskii,Salpa_thompsoni,Willaertia_magna	
193	17	17	W	1.000	AROM	1.000	1	Branchiostoma_floridae,Ciona_intestinalis,Clytia_hemispherica,Eisenia_fetida,Euperipatoides_rowelli,Haliotis_asinina,Henia_illyrica,Lamellibrachia_satsuma,Lampetra_planeri,Lithobius_forficatus,Magallana_angulata,Mus_musculus,Octopus_vulgaris,Ovis_aries,Phoronis_australis,Podocoryna_carnea,Saccoglossus_kowalevskii	
246	20	20	I	0.550	HYDRO	1.000	1	Branchiostoma_floridae,Ciona_intestinalis,Clytia_hemispherica,Eisenia_fetida,Euglena_longa,Euperipatoides_rowelli,Eutreptiella_gymnastica,Haliotis_asinina,Henia_illyrica,Lamellibrachia_satsuma,Lampetra_planeri,Lithobius_forficatus,Magallana_angulata,Mus_musculus,Naegleria_gruberi,Octopus_vulgaris,Ovis_aries,Podocoryna_carnea,Saccoglossus_kowalevskii,Salpa_thompsoni	
247	24	24	N	0.875	POLAR	1.000	1	Branchiostoma_floridae,Ciona_intestinalis,Clytia_hemispherica,Eisenia_fetida,Euglena_longa,Euperipatoides_rowelli,Eutreptiella_gymnastica,Hahella_chejuensis,Haliotis_asinina,Henia_illyrica,Lamellibrachia_satsuma,Lampetra_planeri,Lingula_anatina,Lithobius_forficatus,Magallana_angulata,Mus_musculus,Myxine_glutinosa,Naegleria_gruberi,Octopus_vulgaris,Ovis_aries,Phoronis_australis,Podocoryna_carnea,Saccoglossus_kowalevskii,Salpa_thompsoni	
256	17	17	K	0.882	BASIC	0.941	1	Branchiostoma_floridae,Ciona_intestinalis,Clytia_hemispherica,Eisenia_fetida,Euperipatoides_rowelli,Haliotis_asinina,Lampetra_planeri,Lingula_anatina,Lithobius_forficatus,Magallana_angulata,Mus_musculus,Octopus_vulgaris,Ovis_aries,Phoronis_australis,Podocoryna_carnea,Saccoglossus_kowalevskii,Salpa_thompsoni	Lampetra_planeri
313	18	18	E	1.000	ACIDIC	1.000	1	Branchiostoma_floridae,Ciona_intestinalis,Eisenia_fetida,Euglena_longa,Euperipatoides_rowelli,Eutreptiella_gymnastica,Hahella_chejuensis,Haliotis_asinina,Lamellibrachia_satsuma,Lampetra_planeri,Mus_musculus,Myxine_glutinosa,Naegleria_gruberi,Ovis_aries,Podocoryna_carnea,Saccoglossus_kowalevskii,Salpa_thompsoni,Willaertia_magna	
335	23	23	K	1.000	BASIC	1.000	1	Branchiostoma_floridae,Ciona_intestinalis,Clytia_hemispherica,Eisenia_fetida,Euglena_longa,Euperipatoides_rowelli,Eutreptiella_gymnastica,Hahella_chejuensis,Haliotis_asinina,Lamellibrachia_satsuma,Lampetra_planeri,Lingula_anatina,Lithobius_forficatus,Mus_musculus,Myxine_glutinosa,Naegleria_gruberi,Octopus_vulgaris,Ovis_aries,Phoronis_australis,Podocoryna_carnea,Saccoglossus_kowalevskii,Salpa_thompsoni,Willaertia_magna	
337	19	19	H	0.895	BASIC	0.947	1	Ciona_intestinalis,Clytia_hemispherica,Eisenia_fetida,Euglena_longa,Euperipatoides_rowelli,Eutreptiella_gymnastica,Hahella_chejuensis,Haliotis_asinina,Lamellibrachia_satsuma,Lampetra_planeri,Lingula_anatina,Mus_musculus,Myxine_glutinosa,Naegleria_gruberi,Ovis_aries,Podocoryna_carnea,Saccoglossus_kowalevskii,Salpa_thompsoni,Willaertia_magna	Myxine_glutinosa
339	23	23	H	0.870	BASIC	0.913	1	Branchiostoma_floridae,Ciona_intestinalis,Clytia_hemispherica,Eisenia_fetida,Euglena_longa,Euperipatoides_rowelli,Eutreptiella_gymnastica,Hahella_chejuensis,Haliotis_asinina,Henia_illyrica,Lamellibrachia_satsuma,Lampetra_planeri,Lingula_anatina,Mus_musculus,Myxine_glutinosa,Naegleria_gruberi,Octopus_vulgaris,Ovis_aries,Phoronis_australis,Podocoryna_carnea,Saccoglossus_kowalevskii,Salpa_thompsoni,Willaertia_magna	Lamellibrachia_satsuma,Octopus_vulgaris
340	20	20	H	1.000	BASIC	1.000	1	Branchiostoma_floridae,Ciona_intestinalis,Eisenia_fetida,Euglena_longa,Euperipatoides_rowelli,Eutreptiella_gymnastica,Haliotis_asinina,Lamellibrachia_satsuma,Lampetra_planeri,Lingula_anatina,Mus_musculus,Myxine_glutinosa,Naegleria_gruberi,Octopus_vulgaris,Ovis_aries,Phoronis_australis,Podocoryna_carnea,Saccoglossus_kowalevskii,Salpa_thompsoni,Willaertia_magna	
347	17	17	W	1.000	AROM	1.000	1	Branchiostoma_floridae,Ciona_intestinalis,Eisenia_fetida,Euglena_longa,Euperipatoides_rowelli,Eutreptiella_gymnastica,Haliotis_asinina,Lamellibrachia_satsuma,Lampetra_planeri,Lingula_anatina,Mus_musculus,Myxine_glutinosa,Ovis_aries,Phoronis_australis,Podocoryna_carnea,Salpa_thompsoni,Willaertia_magna	
